0.1,0,0
0.1,0,1
0.101884379455406,0.000640807684864703,1
0.103761893567101,0.00130528447160581,1
0.105629637785329,0.00199330138486719,1
0.107484717510458,0.00270466031609325,1
0.109324252967892,0.00343909441818724,1
0.111145384056732,0.00419626865649034,1
0.112945275163512,0.0049757805149354,1
0.114721119932417,0.00577716085590588,1
0.116470145983442,0.00659987493200976,1
0.118189619570074,0.00744332354766138,1
0.119876850168168,0.00830684436805154,1
0.121529194987844,0.00918971337277807,1
0.123144063400338,0.0100911464511069,1
0.124718921271934,0.0110103011355372,1
0.126251295197256,0.0119462784700552,1
0.127738776624379,0.0128981250091771,1
0.129179025864449,0.0138648349436101,1
0.13056977597868,0.0148453523480905,1
0.131908836535844,0.0158385735467046,1
0.133194097233605,0.016843349590747,1
0.134423531377312,0.0178584888439353,1
0.135595199210094,0.0188827596695715,1
0.136707251088424,0.0199148932140249,1
0.137757930497565,0.0209535862807042,1
0.138745576901634,0.0219975042884962,1
0.139668628423305,0.023045284308464,1
0.140525624348502,0.0240955381724292,1
0.141315207451752,0.0251468556469099,1
0.142036126138196,0.0261978076657379,1
0.142687236398597,0.0272469496145541,1
0.143267503574032,0.0282928246602626,1
0.143776003927297,0.0293339671184229,1
0.144211926018432,0.0303689058514725,1
0.144574571882092,0.0313961676905981,1
0.144863358004915,0.0324142808740161,1
0.145077816101342,0.0334217784943775,1
0.145217593686771,0.0344172019479848,1
0.145282454447256,0.0353991043784917,1
0.145272278405365,0.0363660541077588,1
0.145187061882173,0.0373166380465528,1
0.145026917255737,0.0382494650778058,1
0.144792072516782,0.0391631694051985,1
0.144482870622696,0.0400564138598862,1
0.144099768651292,0.0409278931582671,1
0.143643336756174,0.0417763371037734,1
0.143114256925898,0.0426005137257746,1
0.142513321549484,0.0433992323487963,1
0.141841431791173,0.0441713465853884,1
0.141099595777688,0.044915757246123,1
0.140288926601593,0.0456314151603583,1
0.139410640144661,0.0463173239015759,1
0.138466052725521,0.0469725424112831,1
0.137456578576141,0.0475961875156673,1
0.136383727152019,0.0481874363293969,1
0.135249100281278,0.0487455285411838,1
0.134054389158112,0.0492697685759526,1
0.132801371186334,0.0497595276287017,1
0.131491906679048,0.0502142455653961,1
0.130127935420694,0.0506334326864891,1
0.128711473098001,0.0510166713489452,1
0.127244607606573,0.05136361744291,1
0.125729495240087,0.0516740017194677,1
0.124168356769261,0.0519476309662134,1
0.122563473417957,0.0521843890276779,1
0.120917182743961,0.0523842376679438,1
0.11923187443213,0.0525472172731117,1
0.117509986007773,0.0526734473915908,1
0.115753998478235,0.0527631271105151,1
0.113966431910799,0.0528165352669124,1
0.112149840955105,0.0528340304925866,1
0.110306810318383,0.0528160510920054,1
0.108439950201864,0.0527631147528239,1
0.106551891706798,0.0526758180890099,1
0.104645282218537,0.0525548360168765,1
0.102722780777163,0.0524009209646634,1
0.100787053443178,0.0522149019166478,1
0.0988407686667199,0.0519976832930993,1
0.0968865926687852,0.0517502436677294,1
0.0949271848428775,0.0514736343246164,1
0.0929651931854526,0.0511689776569131,1
0.0910032497634589,0.0508374654099708,1
0.0890439662271866,0.0504803567718311,1
0.0870899293765356,0.0500989763143512,1
0.085143696788695,0.0496947117885355,1
0.0832077925150983,0.0492690117779505,1
0.081284702855367,0.048823383214391,1
0.0793768722157985,0.0483593887602552,1
0.0774866990597782,0.0478786440623623,1
0.0756165319573051,0.0473828148822192,1
0.0737686657406226,0.0468736141079984,1
0.071945337772727,0.0463527986537444,1
0.0701487243353015,0.0458221662515617,1
0.0683809371423859,0.04528355214277,1
0.0666440199858359,0.0447388256742268,1
0.0649399455183718,0.0441898868062258,1
0.0632706121797365,0.0436386625385711,1
0.0616378412712068,0.0430871032616102,1
0.0600433741834051,0.0425371790391754,1
0.0584888697820624,0.0419908758305374,1
0.0569759019560708,0.0414501916586182,1
0.0555059573318496,0.0409171327318343,1
0.0540804331577243,0.0403937095270564,1
0.0527006353616881,0.0398819328412687,1
0.0513677767855793,0.0393838098195957,1
0.0500829755983662,0.0389013399674312,1
0.0488472538908882,0.0384365111544604,1
0.0476615364540474,0.037991295618402,1
0.0465266497420988,0.037567645976323,1
0.0454433210223259,0.0371674912513847,1
0.0444121777120363,0.0367927329228713,1
0.0434337469034509,0.036445241007333,1
0.0425084550767046,0.0361268501786308,1
0.0416366280008151,0.0358393559346246,1
0.0408184908221231,0.0355845108181711,1
0.0400541683393471,0.035364020700018,1
0.0393436854640486,0.0351795411310811,1
0.0386869678649472,0.0350326737714784,1
0.0380838427941835,0.0349249629035647,1
0.0375340400932825,0.0348578920360714,1
0.0370371933762359,0.0348328806062973,1
0.0365928413867859,0.0348512807871258,1
0.0362004295266734,0.0349143744054619,1
0.0358593115512897,0.0350233699784837,1
0.0355687514288643,0.035179399873893,1
0.0353279253590154,0.03538351760013,1
0.0351359239461977,0.0356366952322792,1
0.0349917545232956,0.0359398209791508,1
0.0348943436203361,0.0362936968967628,1
0.0348425395730294,0.0366990367531834,1
0.0348351152655919,0.0371564640494136,1
0.034870771002063,0.037666510200704,1
0.0349481375000958,0.0382296128824034,1
0.0350657790009823,0.0388461145441304,1
0.0352221964894682,0.0395162610957485,1
0.0354158310167175,0.0402402007683035,1
0.0356450671196059,0.041017983152756,1
0.0359082363293581,0.0418495584190079,1
0.0362036207623883,0.0427347767173851,1
0.0365294567860635,0.0436733877643925,1
0.0368839387519904,0.044665040614213,1
0.037265222789309,0.0457092836170694,1
0.0376714306503876,0.0468055645652144,1
0.0381006536012308,0.0479532310269588,1
0.0385509563488477,0.0491515308687897,1
0.0390203809977787,0.0503996129652733,1
0.0395069510279441,0.051696528096076,1
0.0400086752859593,0.0530412300290852,1
0.0405235519820579,0.0544325767882469,1
0.041049572684776,0.0558693321043904,1
0.0415847263055766,0.0573501670469537,1
0.0421270030656378,0.0588736618341757,1
0.0426743984370843,0.0604383078189783,1
0.0432249170510138,0.0620425096474191,1
0.0437765765647595,0.0636845875862634,1
0.0443274114809278,0.065362780015894,1
0.0448754769108725,0.0670752460844549,1
0.0454188522753902,0.0688200685188123,1
0.0459556449355724,0.0705952565876075,1
0.0464839937469042,0.0723987492113782,1
0.0470020725298714,0.0742284182144367,1
0.0475080934505225,0.0760820717129108,1
0.0480003103046285,0.0779574576330868,1
0.0484770216992926,0.0798522673539318,1
0.048936574126081,0.0817641394674287,1
0.0493773649199804,0.0836906636501142,1
0.0497978450987271,0.0856293846389958,1
0.0501965220773091,0.0875778063048024,1
0.0505719622527008,0.0895333958153308,1
0.0509227934541668,0.0914935878814649,1
0.0512477072547474,0.0934557890782678,1
0.05154546113983,0.0954173822333982,1
0.0518148805290051,0.0973757308749509,1
0.0520548606477112,0.0993281837307002,1
0.0522643682454781,0.101272079270606,1
0.0524424431579002,0.10320475028435,1
0.0525881997097833,0.105123528485579,1
0.0527008279572423,0.107025749134478,1
0.0527795947668481,0.108908755670227,1
0.0528238447302601,0.110769904344879,1
0.0528330009131104,0.112606568850157,1
0.0528065654372452,0.114416144928686,1
0.0527441198957651,0.116196054961172,1
0.0526453256006444,0.117943752521067,1
0.0525099236630466,0.119656726888327,1
0.0523377349067913,0.12133250751389,1
0.0521286596157629,0.122968668426627,1
0.051882677116384,0.124562832574557,1
0.0515998451966092,0.126112676092275,1
0.0512802993632186,0.12761593248662,1
0.050924251939518,0.129070396732785,1
0.0505319910058656,0.130473929273195,1
0.0501038791857633,0.131824459911667,1
0.0496403522805532,0.133119991595528,1
0.049141917756064,0.13435860407858,1
0.0486091530848413,0.135538457458002,1
0.0480427039478851,0.136657795578493,1
0.0474432823000923,0.137714949297215,1
0.0468116643038709,0.13870833960332,1
0.046148688135653,0.139636480586122,1
0.0454552516702796,0.140497982246229,1
0.0447323100484731,0.14129155314425,1
0.0439808731328367,0.142016002881969,1
0.0432020028580408,0.142670244411186,1
0.0423968104810585,0.14325329616573,1
0.0415664537375051,0.143764284012488,1
0.0407121339103208,0.144202443017588,1
0.0398350928171966,0.144567119024245,1
0.0389366097233045,0.144857770039098,1
0.0380179981860307,0.145073967424221,1
0.0370806028385372,0.14521539689235,1
0.0361257961190933,0.145281859303221,1
0.0351549749532155,0.145273271259273,1
0.0341695573957402,0.145189665499355,1
0.0331709792400236,0.145031191089425,1
0.0321606906015194,0.144798113409608,1
0.0311401524830258,0.144490813937361,1
0.0301108333289187,0.144109789826861,1
0.0290742055757018,0.143655653285093,1
0.0280317422061977,0.143129130745526,1
0.0269849133146885,0.142531061840585,1
0.0259351826902796,0.141862398174551,1
0.0248840044257148,0.141124201898843,1
0.0238328195588048,0.140317644092031,1
0.0227830527535584,0.139444002947274,1
0.021736109028013,0.138504661770236,1
0.0206933705356529,0.137501106790883,1
0.0196561934071917,0.136434924792909,1
0.0186259046593528,0.135307800564869,1
0.0176037991771463,0.134121514177439,1
0.0165911367759715,0.132877938091526,1
0.0155891393497095,0.13157903410229,1
0.0145989881107822,0.130226850124411,1
0.0136218209279579,0.128823516824258,1
0.0126587297674778,0.127371244104878,1
0.0117107582428552,0.125872317450016,1
0.0107788992784713,0.124329094133608,1
0.0098640928918508,0.122743999301476,1
0.00896722409924994,0.121119521932166,1
0.00808912094892976,0.119458210684087,1
0.00723055268622019,0.117762669636351,1
0.006392228054203,0.116035553930881,1
0.00557479373355816,0.114279565323548,1
0.0047788329248257,0.112497447652275,1
0.00400486407603918,0.110691982230183,1
0.003253339758381,0.108865983172004,1
0.00252464569220202,0.107022292662118,1
0.0018190999254336,0.105163776172647,1
0.00113695216610229,0.103293317640184,1
0.000478383270336208,0.101413814609746,1
-0.000156495113072111,0.0995281733546715,1
-0.000767640740807897,0.0976393039811665,1
-0.00135508081547037,0.0957501155262688,1
-0.0019189118682211,0.0938635110579988,1
-0.00245929948389068,0.0919823827864647,1
-0.00297647786911855,0.090109607194666,1
-0.00347074926442797,0.0882480401977059,1
-0.00394248320146305,0.0864005123390696,1
-0.00439211560693784,0.0845698240325567,1
-0.00482014775516721,0.0827587408583707,1
-0.00522714507136488,0.080969988921768,1
-0.00561373578820605,0.0792062502825547,1
-0.00598060945845801,0.0774701584635844,1
-0.00632851532678357,0.0757642940462685,1
-0.00665826056411664,0.0740911803609432,1
-0.00697070836829687,0.0724532792797685,1
-0.00726677593493123,0.0708529871196365,1
-0.00754743230272246,0.0692926306623709,1
-0.00781369607776865,0.0677744632992745,1
-0.00806663304159257,0.0663006613068554,1
-0.00830735364790542,0.0648733202603196,1
-0.00853701041334436,0.0634944515911604,1
-0.00875679520764837,0.0621659792949101,1
-0.00896793644895014,0.0608897367948401,1
-0.00917169621006503,0.059667463967108,1
-0.00936936724184731,0.0585008043325516,1
-0.00956226991986349,0.0573913024200199,1
-0.00975174912079727,0.056340401305817,1
-0.00993917103515383,0.0553494403335058,1
-0.0101259199229707,0.0544196530179885,1
-0.0103133948193685,0.0535521651374379,1
-0.0105030061968865,0.0527479930163094,1
-0.0106961725916476,0.0520080420023087,1
-0.0108943172004794,0.0513331051398328,1
-0.0110988644561885,0.0507238620420436,1
-0.0113112365882425,0.0501808779633604,1
-0.0115328501761488,0.0497046030737957,1
-0.0117651127028519,0.0492953719361841,1
-0.0120094191154763,0.0489534031869791,1
-0.0122671484007418,0.0486787994209244,1
-0.012539660182356,0.0484715472795251,1
-0.0128282913476573,0.048331517742877,1
-0.0131343527107335,0.048258466624033,1
-0.013459125719176,0.0482520352647209,1
-0.0138038592115526,0.0483117514308541,1
-0.0141697662325928,0.048437030405913,1
-0.0145580209129667,0.048627176279915,1
-0.0149697554204264,0.0488813834313322,1
-0.0154060569889365,0.0491987381989657,1
-0.0158679650322787,0.04957822074044,1
-0.0163564683484514,0.0500187070736419,1
-0.0168725024210115,0.0505189712970968,1
-0.0174169468233203,0.0510776879849499,1
-0.0179906227314537,0.051693434751908,1
-0.01859429055133,0.0523646949831861,1
-0.019228647665383,0.0530898607242117,1
-0.0198943263038753,0.0538672357245471,1
-0.0205918915457052,0.0546950386302191,1
-0.0213218394533033,0.0555714063183786,1
-0.0220845953459531,0.0564943973679564,1
-0.0228805122155965,0.0574619956597471,1
-0.0237098692889044,0.0584721140991178,1
-0.0245728707391025,0.0595225984543271,1
-0.0254696445507451,0.0606112313032349,1
-0.0264002415403283,0.0617357360809994,1
-0.0273646345353203,0.062893781221177,1
-0.0283627177138745,0.0640829843824879,1
-0.0293943061071681,0.0653009167533602,1
-0.0304591352659844,0.0665451074262381,1
-0.0315568610928285,0.0678130478335226,1
-0.0326870598405326,0.0691021962369157,1
-0.033849228277975,0.0704099822618545,1
-0.0350427840231983,0.0717338114686532,1
-0.0362670660438753,0.073071069951918,1
-0.037521335324734,0.0744191289597657,1
-0.0388047757012152,0.0757753495243536,1
-0.0401164948582969,0.0771370870952278,1
-0.0414555254930885,0.0785016961670024,1
-0.0428208266394597,0.0798665348929168,1
-0.0442112851526429,0.0812289696758568,1
-0.0456257173514183,0.0825863797284858,1
-0.0470628708151687,0.0839361615942076,1
-0.048521426332774,0.0852757336207726,1
-0.05,0.0866025403784439,1
-0.0514971454617361,0.0879140570147626,1
-0.0530113562951264,0.0892077935380837,1
-0.054541068529358,0.0904812990222096,1
-0.0560846632975731,0.0917321657246036,1
-0.0576404696161096,0.0929580331108574,1
-0.059206767285991,0.0941565917782627,1
-0.0607817899113458,0.0953255872715575,1
-0.062363728029172,0.0964628237841216,1
-0.0639507323446417,0.0975661677381383,1
-0.0655409170658986,0.0986335512374717,1
-0.0671323633321003,0.0996629753872686,1
-0.0687231227282454,0.100652513474556,1
-0.0703112208801366,0.101600314004381,1
-0.0718946611226592,0.102504603586318,1
-0.0734714282343788,0.103363689666484,1
-0.0750394922313243,0.104175963100469,1
-0.0765968122126692,0.104939900562935,1
-0.0781413402509176,0.105654066789935,1
-0.079671025319076,0.106317116650337,1
-0.0811838172472116,0.106927797043063,1
-0.082677670700705,0.107484948617199,1
-0.0841505491724524,0.107987507312368,1
-0.0856004289812118,0.108434505717101,1
-0.0870253032682613,0.10882507424331,1
-0.0884231859845119,0.109158442115294,1
-0.0897921158602171,0.109433938172079,1
-0.0911301603494323,0.109650991482257,1
-0.0924354195414,0.10980913177083,1
-0.0937060300310858,0.10990798965794,1
-0.0949401687411371,0.109947296709704,1
-0.0961360566876221,0.109926885301758,1
-0.0972919626819804,0.109846688296439,1
-0.098406206961729,0.109706738534908,1
-0.0994771647425803,0.109507168145852,1
-0.100503269684759,0.109248207672768,1
-0.101483017266458,0.10893018502214,1
-0.10241496805752,0.108553524235198,1
-0.103297750886619,0.108118744086233,1
-0.104130065895401,0.107626456510812,1
-0.10491068747323,0.107077364867509,1
-0.105638467066414,0.106472262037109,1
-0.106312335856006,0.105812028363533,1
-0.106931307298513,0.105097629441012,1
-0.107494479524081,0.104330113752346,1
-0.108001037587017,0.103510610163323,1
-0.108450255563737,0.102640325278673,1
-0.108841498493543,0.101720540665155,1
-0.1091742241579,0.100752609947619,1
-0.109447984694202,0.099737955784132,1
-0.109662428040301,0.0986780667264507,1
-0.109817299206407,0.0975744939723388,1
-0.109912441371274,0.0964288480164153,1
-0.109947796799926,0.0952427952063962,1
-0.109923407580512,0.0940180542117555,1
-0.109839416178204,0.0927563924119842,1
-0.109696065804411,0.0914596222117537,1
-0.109493700599936,0.0901295972904213,1
-0.109232765631027,0.0887682087934102,1
-0.108913806697656,0.0873773814730974,1
-0.108537469953709,0.0859590697869135,1
-0.108104501339112,0.0845152539604196,1
-0.107615745824303,0.0830479360231759,1
-0.10707214646779,0.0815591358252424,1
-0.106474743287918,0.0800508870421709,1
-0.105824671950302,0.0785252331763438,1
-0.10512316227276,0.0769842235625053,1
-0.104371536549907,0.0754299093852898,1
-0.103571207699931,0.0738643397165191,1
-0.102723677236422,0.0722895575799653,1
-0.101830533068454,0.0707075960512124,1
-0.100893447132445,0.0691204744001482,1
-0.0999141728596708,0.0675301942835215,1
-0.0988945424836096,0.0659387359948709,1
-0.0978364641916087,0.0643480547790065,1
-0.0967419191256806,0.0627600772180712,1
-0.0956129582375188,0.0611766976960481,1
-0.0944516990031217,0.0595997749484108,1
-0.093260322002681,0.0580311287034184,1
-0.0920410673716673,0.0564725364213649,1
-0.0907962311292914,0.0549257301378734,1
-0.0895281613907769,0.0533923934171103,1
-0.0882392544701009,0.0518741584205517,1
-0.0869319508800908,0.0503726030966969,1
-0.0856087312369653,0.0488892484968617,1
-0.0842721120766091,0.0474255562219246,1
-0.0829246415900489,0.0459829260046218,1
-0.0815688952857678,0.0445626934317051,1
-0.0802074715866478,0.0431661278099866,1
-0.0788429873694697,0.0417944301799944,1
-0.0774780734550267,0.0404487314806629,1
-0.0761153700570112,0.0391300908681615,1
-0.0747575221979372,0.037839494191662,1
-0.073407175100429,0.036577852628508,1
-0.0720669695622819,0.0353460014809383,1
-0.0707395373237363,0.0341446991361745,1
-0.0694274964354471,0.0329746261913594,1
-0.0681334466356412,0.0318363847444929,1
-0.0668599647449554,0.0307304978521759,1
-0.0656096000874345,0.0296574091546374,1
-0.0643848699461326,0.0286174826681797,1
-0.0631882550617131,0.0276110027448397,1
-0.0620221951823824,0.0266381741987273,1
-0.0608890846734078,0.0256991225981682,1
-0.0597912681943746,0.0247938947224424,1
-0.0587310364522334,0.0239224591815857,1
-0.0577106220380507,0.0230847071973873,1
-0.0567321953552443,0.0222804535434022,1
-0.0557978606469254,0.0215094376414767,1
-0.0549096521297979,0.0207713248119733,1
-0.0540695302418808,0.0200657076745768,1
-0.0532793780111222,0.0193921076962657,1
-0.052540997551761,0.0187499768827404,1
-0.0518561066950651,0.0181386996093161,1
-0.0512263357608399,0.017557594587015,1
-0.0506532244758479,0.017005916959324,1
-0.0501382190450201,0.0164828605248301,1
-0.0496826693810668,0.0159875600806973,1
-0.0492878264978079,0.0155190938817135,1
-0.0489548400722544,0.0150764862094106,1
-0.0486847561801617,0.0146587100455484,1
-0.0484785152094684,0.0142646898440483,1
-0.0483369499557079,0.0138933043952764,1
-0.0482607839031529,0.0135433897763958,1
-0.0482506296951145,0.013213742381344,1
-0.0483069877964741,0.0129031220238429,1
-0.0484302453511765,0.0126102551067056,1
-0.0486206752370574,0.0123338378505876,1
-0.0488784353200171,0.0120725395752131,1
-0.0492035679091903,0.0118250060260163,1
-0.0495959994143913,0.0115898627390549,1
-0.0500555402067469,0.0113657184369844,1
-0.050581884683054,0.0111511684488329,1
-0.0511746115340282,0.0109447981462764,1
-0.051833184216231,0.0107451863890923,1
-0.0525569516270957,0.0105509089724625,1
-0.0533451489820917,0.0103605420688021,1
-0.0541968988927008,0.0101726656568155,1
-0.0551112126435054,0.00998586693051339,1
-0.0560869916663241,0.00979874368098059,1
-0.0571230292089675,0.0096099076437465,1
-0.0582180121958244,0.00941798780469372,1
-0.0593705232771422,0.00922163365753222,1
-0.0605790430635058,0.00901951840597757,1
-0.0618419525416908,0.00881034210389224,1
-0.0631575356677194,0.00859283472678735,1
-0.0645239821326298,0.00836575916822933,1
-0.0659393902961414,0.00812791415486078,1
-0.0674017702830979,0.00787813707391796,1
-0.0689090472372597,0.00761530670731659,1
-0.0704590647267313,0.00733834586657546,1
-0.0720495882950295,0.00704622392305934,1
-0.073678309151521,0.00673795922824476,1
-0.075342847994713,0.00641262141894358,1
-0.0770407589616188,0.00606933360266452,1
-0.0787695336962019,0.00570727441854248,1
-0.0805266055296668,0.00532567996953022,1
-0.0823093537651723,0.0049238456218144,1
-0.084115108059335,0.00450112766769962,1
-0.0859411528927241,0.0040569448484869,1
-0.0877847321213735,0.00359077973416898,1
-0.0896430536011915,0.00310217995706215,1
-0.0915132938770165,0.0025907592968009,1
-0.0933926029279381,0.00205619861443096,1
-0.0952781089604076,0.00149824663365209,1
-0.0971669232405679,0.000916720567580525,1
-0.099056144957163,0.00031150658972218,1
-0.100942866106326,-0.000317439851825044,1
-0.102824176389514,-0.000970093877598858,1
-0.104697168115816,-0.0016463611777561,1
-0.106558941099874,-0.00234607817081457,1
-0.108406607546648,-0.00306901231982273,1
-0.110237296914287,-0.00381486260530132,1
-0.11204816074641,-0.00458326015397333,1
-0.113836377465155,-0.00537376902197421,1
-0.115599157116426,-0.00618588713091184,1
-0.11733374605886,-0.00701904735482755,1
-0.119037431588139,-0.00787261875579388,1
-0.120707546488393,-0.00874590796557488,1
-0.122341473502567,-0.00963816071046938,1
-0.123936649713792,-0.0105485634761583,1
-0.125490570829947,-0.0114762453090834,1
-0.12700079536379,-0.0124202797506012,1
-0.128464948701232,-0.0133796868998724,1
-0.129880727050511,-0.0143534356011834,1
-0.131245901265291,-0.0153404457511281,1
-0.132558320534886,-0.0163395907208307,1
-0.133815915935106,-0.0173496998881444,1
-0.135016703833453,-0.0183695612745295,1
-0.136158789142662,-0.0193979242810916,1
-0.137240368416886,-0.0204335025180506,1
-0.138259732785094,-0.021474976721711,1
-0.139215270716549,-0.0225209977528161,1
-0.140105470613575,-0.0235701896699962,1
-0.140928923227098,-0.0246211528718532,1
-0.141684323890807,-0.0256724673010818,1
-0.142370474570098,-0.026722695703883,1
-0.14298628572232,-0.0277703869378108,1
-0.14353077796517,-0.0288140793210786,1
-0.144003083550461,-0.0298523040162599,1
-0.144402447640829,-0.0308835884412371,1
-0.144728229387316,-0.0319064597001852,1
-0.144979902806128,-0.0329194480273275,1
-0.145157057453242,-0.0339210902361615,1
-0.145259398895907,-0.0349099331668342,1
-0.145286748980448,-0.035884537124334,1
-0.14523904589617,-0.0368434793001824,1
-0.145116344035523,-0.0377853571703194,1
-0.144918813651076,-0.0387087918619272,1
-0.144646740310187,-0.0396124314819772,1
-0.144300524148684,-0.0404949544003606,1
-0.143880678925173,-0.0413550724805385,1
-0.143387830878006,-0.042191534250746,1
-0.142822717387276,-0.043003128008896,1
-0.142186185444569,-0.0437886848544457,1
-0.14147918993354,-0.0445470816406367,1
-0.140702791724759,-0.0452772438406593,1
-0.139858155588557,-0.0459781483214678,1
-0.138946547929991,-0.0466488260191377,1
-0.137969334350309,-0.0472883645098592,1
-0.136927977039662,-0.0478959104708512,1
-0.135824032006084,-0.0484706720257028,1
-0.13465914614606,-0.049011920968868,1
-0.133435054162285,-0.04951899486428,1
-0.132153575334511,-0.0499912990132944,1
-0.130816610149602,-0.0504283082874304,1
-0.129426136797208,-0.0508295688216417,1
-0.127984207537675,-0.0511946995641264,1
-0.126492944949052,-0.0515233936789683,1
-0.12495453806027,-0.0518154197981911,1
-0.123371238377743,-0.0520706231201094,1
-0.121745355812857,-0.0522889263511608,1
-0.12007925451796,-0.0524703304887211,1
-0.118375348638638,-0.0526149154427148,1
-0.116636097990193,-0.0527228404941612,1
-0.114864003666361,-0.0527943445891175,1
-0.113061603588447,-0.052829746466814,1
-0.111231468003103,-0.0528294446211059,1
-0.109376194937107,-0.0527939170947046,1
-0.107498405617518,-0.0527237211059855,1
-0.105600739865665,-0.0526194925085072,1
-0.103685851473444,-0.0524819450837171,1
-0.101756403570415,-0.0523118696676543,1
-0.0998150639901932,-0.052110133112797,1
-0.0978645006446133,-0.0518776770865376,1
-0.0959073769141152,-0.0516155167081021,1
-0.0939463470627477,-0.0513247390260569,1
-0.0919840516861299,-0.0510065013388757,1
-0.0900231132006255,-0.0506620293613595,1
-0.0880661313818934,-0.0502926152400162,1
-0.086115678960871,-0.0498996154208243,1
-0.0841742972851175,-0.0494844483731029,1
-0.0822444920533084,-0.0490485921735127,1
-0.080328729130518,-0.0485935819545023,1
-0.0784294304517577,-0.0481210072217957,1
-0.0765489700210585,-0.0476325090457919,1
-0.0746896700131897,-0.0471297771320137,1
-0.0728537969848935,-0.0466145467759952,1
-0.0710435582023049,-0.0460885957082446,1
-0.0692610980909786,-0.0455537408351547,1
-0.0675084948147133,-0.0450118348819527,1
-0.0657877569890977,-0.0444647629439976,1
-0.0641008205354412,-0.0439144389529304,1
-0.0624495456804709,-0.043362802064368,1
-0.0608357141068932,-0.0428118129740127,1
-0.0592610262596198,-0.0422634501692021,1
-0.0577270988121511,-0.041719706123078,1
-0.0562354622973046,-0.0411825834386865,1
-0.0547875589061435,-0.0406540909504358,1
-0.0533847404586485,-0.0401362397904538,1
-0.0520282665493277,-0.0396310394274672,1
-0.0507193028706341,-0.0391404936859088,1
-0.0494589197167054,-0.0386665967530164,1
-0.0482480906696045,-0.0382113291817353,1
-0.0470876914698757,-0.0377766538972638,1
-0.0459784990728888,-0.0373645122151013,1
-0.0449211908920809,-0.0369768198784556,1
-0.0439163442298488,-0.0366154631228515,1
-0.0429644358964902,-0.0362822947757546,1
-0.0420658420172271,-0.0359791303989738,1
-0.0412208380269964,-0.0357077444815509,1
-0.0404295988523249,-0.0354698666907638,1
-0.0396921992792636,-0.035267178188784,1
-0.0390086145059931,-0.0351013080224173,1
-0.0383787208783728,-0.0349738295932413,1
-0.0378022968063555,-0.0348862572153142,1
-0.0372790238588548,-0.0348400427674826,1
-0.036808488034312,-0.0348365724471488,1
-0.0363901812038879,-0.0348771636321865,1
-0.0360235027238768,-0.0349630618574982,1
-0.0357077612136293,-0.035095437912507,1
-0.0354421764949612,-0.0352753850656578,1
-0.0352258816887293,-0.0355039164217768,1
-0.0350579254639629,-0.0357819624178953,1
-0.0349372744346625,-0.0361103684628955,1
-0.0348628156991035,-0.0364898927260687,1
-0.0348333595162271,-0.0369212040794118,1
-0.0348476421134482,-0.0374048801981952,1
-0.0349043286199759,-0.0379414058240527,1
-0.0350020161195142,-0.0385311711945365,1
-0.0351392368160006,-0.0391744706427759,1
-0.035314461305837,-0.0398715013705588,1
-0.0355261019498817,-0.040622362397833,1
-0.0357725163382988,-0.0414270536912946,1
-0.0360520108411977,-0.0422854754743938,1
-0.0363628442378536,-0.0431974277207478,1
-0.0367032314171648,-0.0441626098326065,1
-0.0370713471418884,-0.0451806205056642,1
-0.0374653298690913,-0.0462509577811634,1
-0.0378832856191664,-0.0473730192858731,1
-0.0383232918856939,-0.0485461026601803,1
-0.038783401578366,-0.0497694061741585,1
-0.0392616469911563,-0.0510420295311375,1
-0.0397560437878834,-0.0523629748579225,1
-0.0402645949973128,-0.0537311478804692,1
-0.0407852950099397,-0.0551453592834528,1
-0.0413161335686187,-0.0566043262518261,1
-0.0418550997452387,-0.0581066741921036,1
-0.0424001858956945,-0.059650938630768,1
-0.0429493915854655,-0.0612355672868473,1
-0.0435007274782001,-0.0628589223153813,1
-0.0440522191797901,-0.0645192827181522,1
-0.044601911030538,-0.0662148469177478,1
-0.0451478698381332,-0.0679437354906831,1
-0.0456881885443003,-0.0697039940550171,1
-0.0462209898181278,-0.0714935963075864,1
-0.0467444295692516,-0.0733104472056868,1
-0.0472567003742473,-0.0751523862877493,1
-0.0477560348097724,-0.07701719112728,1
-0.0482407086862063,-0.0789025809140747,1
-0.0487090441757477,-0.0808062201564594,1
-0.0491594128291552,-0.0827257224980653,1
-0.0495902384755568,-0.0846586546424237,1
-0.05,-0.0866025403784438,1
-0.0503872339936698,-0.0885548646996269,1
-0.0507505372719746,-0.0905130780096898,1
-0.0510885692559706,-0.0924746004070767,1
-0.0514000542128843,-0.0944368260406967,1
-0.0516837833517826,-0.0963971275290445,1
-0.051938616770741,-0.0983528604347531,1
-0.0521634852521664,-0.100301367786493,1
-0.052357391903245,-0.102239984640027,1
-0.0525194136388006,-0.104166042670148,1
-0.0526487025041752,-0.106076874785133,1
-0.0527444868360677,-0.10796981975532,1
-0.0528060722595986,-0.109842226847334,1
-0.0528328425202012,-0.111691460455488,1
-0.0528242601492753,-0.113514904721855,1
-0.0527798669628771,-0.115309968136539,1
-0.0526992843930547,-0.117074088109646,1
-0.0525822136517802,-0.118804735506545,1
-0.052428435727763,-0.120499419138026,1
-0.0522378112167675,-0.122155690197042,1
-0.0520102799863935,-0.12377114663381,1
-0.0517458606766072,-0.125343437461135,1
-0.051444650037642,-0.126870266981939,1
-0.0511068221072122,-0.128349398931125,1
-0.0507326272293036,-0.129778660524014,1
-0.0503223909171222,-0.131155946403791,1
-0.0498765125630878,-0.132479222480543,1
-0.0493954639990695,-0.133746529654686,1
-0.0488797879103517,-0.13495598741774,1
-0.0483300961071103,-0.136105797323678,1
-0.0477470676574601,-0.137194246324258,1
-0.0471314468864096,-0.13821970996202,1
-0.046484041245317,-0.139180655414862,1
-0.0458057190567029,-0.14007564438638,1
-0.045097407139512,-0.14090333583645,1
-0.0443600883201554,-0.141662488546784,1
-0.0435947988348836,-0.142351963516518,1
-0.0428026256292514,-0.142970726183183,1
-0.0419847035606372,-0.143517848464725,1
-0.0411422125099639,-0.143992510618571,1
-0.0402763744089429,-0.144394002914062,1
-0.0393884501893229,-0.144721727114915,1
-0.0384797366607758,-0.144975197768731,1
-0.0375515633241837,-0.145154043300899,1
-0.0366052891272116,-0.145258006910613,1
-0.0356422991691568,-0.145286947267096,1
-0.0346640013621605,-0.145240839004448,1
-0.033671823055941,-0.145119773013952,1
-0.0326672076332731,-0.144923956533007,1
-0.0316516110834866,-0.144653713030255,1
-0.0306264985612916,-0.144309481886809,1
-0.0295933409382534,-0.143891817873915,1
-0.0285536113542476,-0.143401390427699,1
-0.0275087817762148,-0.142838982722063,1
-0.0264603195715066,-0.142205490541152,1
-0.0254096841030745,-0.141501920953168,1
-0.0243583233537008,-0.140729390787706,1
-0.0233076705863978,-0.139889124919123,1
-0.0222591410480209,-0.138982454358806,1
-0.0212141287230382,-0.138010814159587,1
-0.0201740031442921,-0.136975741135859,1
-0.0191401062674608,-0.13587887140333,1
-0.0181137494157836,-0.134721937742643,1
-0.0170962103014704,-0.133506766791456,1
-0.0160887301300397,-0.132235276069849,1
-0.0150925107936595,-0.130909470844288,1
-0.0141087121593699,-0.129531440835617,1
-0.0131384494578657,-0.128103356776881,1
-0.012182790778304,-0.126627466827034,1
-0.0112427546743766,-0.125106092846878,1
-0.010319307886651,-0.123541626543799,1
-0.00941336318593785,-0.121936525492154,1
-0.00852577734219293,-0.120293309036345,1
-0.00765734922318873,-0.118614554083881,1
-0.00680881802692801,-0.116902890795883,1
-0.00598086165148237,-0.115160998182735,1
-0.00517409520565926,-0.113391599612696,1
-0.0043890696635983,-0.11159745824151,1
-0.00362627066610422,-0.109781372371148,1
-0.0028861174712103,-0.107946170745981,1
-0.00216896205616117,-0.106094707794786,1
-0.00147508837268208,-0.104229858827081,1
-0.000804711757085726,-0.102354515192383,1
-0.000157978496444819,-0.100471579411048,1
0.000465034448270235,-0.0985839602853972,1
0.00106431956151063,-0.0966945679998752,1
0.00163993873468189,-0.0948063092190128,1
0.00219202306996932,-0.0929220821919603,1
0.00272077252686963,-0.0910447718723487,1
0.00322645541216458,-0.0891772450622138,1
0.00370940771440394,-0.0873223455886613,1
0.00417003228428422,-0.0854828895219061,1
0.00460879786263559,-0.0836616604432237,1
0.00502623795804313,-0.081861404771278,1
0.00542294957644594,-0.0800848271551652,1
0.00579959180536449,-0.0783345859424002,1
0.00615688425571062,-0.0766132887299305,1
0.00649560536443442,-0.074923488006103,1
0.00681659056155026,-0.0732676768913513,1
0.00712073030537217,-0.0716482849851747,1
0.00740896799006178,-0.0700676743267981,1
0.00768229772986349,-0.0685281354766741,1
0.00794176202465816,-0.0670318837257838,1
0.00818844931171952,-0.0655810554394368,1
0.00842349140879526,-0.064177704542038,1
0.00864806085386719,-0.0628237991490169,1
0.0088633681471625,-0.0615212183518478,1
0.00907065890119685,-0.0602717491618042,1
0.00927121090482663,-0.0590770836177998,1
0.00946633110747204,-0.0579388160633581,1
0.00965735252984449,-0.0568584405974482,1
0.00984563110767126,-0.0558373487035987,1
0.0100325424750564,-0.0548768270613711,1
0.0102194786942499,-0.0539780555439407,1
0.0104078449387168,-0.0531421054051861,1
0.0105990561365008,-0.0523699376593418,1
0.0107945335809715,-0.0516624016559112,1
0.0109957015161195,-0.0510202338521758,1
0.0112039837036244,-0.0504440567852782,1
0.0114207999789719,-0.049934378245482,1
0.0116475628039258,-0.0494915906518457,1
0.0118856738226825,-0.0491159706311741,1
0.0121365204290345,-0.0488076788007384,1
0.0124014723518633,-0.0485667597548794,1
0.0126818782662502,-0.048393142255237,1
0.0129790624374586,-0.0482866396239728,1
0.0132943214049788,-0.0482469503389848,1
0.0136289207137617,-0.0482736588297385,1
0.013984091699681,-0.048366236471976,1
0.0143610283361609,-0.0485240427791998,1
0.0147608841487994,-0.0487463267884685,1
0.0151847692046838,-0.0490322286376883,1
0.0156337471829582,-0.0493807813312362,1
0.0161088325330459,-0.0497909126904067,1
0.0166109877267628,-0.0502614474848408,1
0.0171411206103781,-0.0507911097407659,1
0.0177000818624858,-0.051378525221558,1
0.0182886625633427,-0.0520222240758234,1
0.0189075918811172,-0.0527206436478985,1
0.0195575348802606,-0.0534721314453731,1
0.0202390904569769,-0.0542749482579594,1
0.0209527894065155,-0.0551272714217632,1
0.0216990926267546,-0.0560271982227466,1
0.0224783894622749,-0.0569727494329362,1
0.023290996192843,-0.0579618729726819,1
0.0241371546699408,-0.0589924476920606,1
0.0250170311046857,-0.0600622872643053,1
0.0259307150101821,-0.0611691441839459,1
0.0268782183010401,-0.0623107138621649,1
0.0278594745524836,-0.0634846388117071,1
0.0288743384211548,-0.0646885129135291,1
0.0299225852293915,-0.0659198857572349,1
0.0310039107144368,-0.0671762670472232,1
0.0321179309436991,-0.0684551310663626,1
0.0332641823968594,-0.0697539211889278,1
0.034442122215274,-0.0710700544344363,1
0.0356511286187944,-0.0724009260539851,1
0.0368905014897821,-0.0737439141406267,1
0.0381594631237625,-0.0750963842553069,1
0.0394571591458202,-0.0764556940598653,1
0.0407826595915021,-0.0778191979486057,1
0.0421349601506689,-0.0791842516699729,1
0.0435129835723878,-0.0805482169298875,1
0.0449155812286456,-0.0819084659683629,1
0.0463415348343265,-0.0832623861010808,1
0.0477895583205875,-0.0846073842176946,1
0.0492582998584358,-0.085940891228718,1
0.0507463440290174,-0.0872603664529774,1
0.0522522141368134,-0.088563301937732,1
0.0537743746616491,-0.0898472267037086,1
0.0553112338451264,-0.0911097109074532,1
0.0568611464068178,-0.0923483699135754,1
0.0584224163852815,-0.0935608682696495,1
0.0599933000986988,-0.0947449235767268,1
0.0615720092196773,-0.0958983102486319,1
0.0631567139585261,-0.0970188631534379,1
0.0647455463490765,-0.0981044811307511,1
0.066336603630897,-0.0991531303786838,1
0.0679279517215453,-0.100162847704652,1
0.0695176287723072,-0.101131743634409,1
0.0711036488006818,-0.102058005373998,1
0.0726840053927016,-0.102939899619603,1
0.0742566754680254,-0.103775775210571,1
0.0758196231005871,-0.104564065621195,1
0.077370803387464,-0.105303291287143,1
0.0789081663584992,-0.105992061762762,1
0.0804296609191227,-0.106629077705796,1
0.0819332388187221,-0.107213132686413,1
0.0834168586368439,-0.107743114817745,1
0.0848784897794434,-0.108218008205528,1
0.0863161164773683,-0.108636894214734,1
0.087727741779228,-0.108998952551484,1
0.0891113915307854,-0.109303462158851,1
0.0904651183330218,-0.109549801925532,1
0.0917870054710341,-0.109737451206727,1
0.0930751708059654,-0.10986599015692,1
0.0943277706222129,-0.10993509987461,1
0.0955430034222277,-0.109944562359404,1
0.0967191136612988,-0.109894260282241,1
0.0978543954148076,-0.109784176569862,1
0.0989471959705491,-0.109614393804992,1
0.0999959193388427,-0.109385093444064,1
0.100999029673291,-0.109096554854642,1
0.101955054595201,-0.108749154175024,1
0.102862588414849,-0.108343362998896,1
0.103720295242943,-0.107879746888154,1
0.104526911985849,-0.107358963717406,1
0.105281251218327,-0.106781761853926,1
0.105982203927771,-0.106148978177171,1
0.106628742124156,-0.105461535942244,1
0.107219921310147,-0.10472044249199,1
0.107754882806079,-0.103926786822683,1
0.10823285592479,-0.103081737008527,1
0.108653159991536,-0.102186537490459,1
0.109015206204545,-0.101242506234979,1
0.109318499332021,-0.100251031768971,1
0.109562639241733,-0.0992135700967021,1
0.109747322259639,-0.0981316415053934,1
0.109872342354289,-0.0970068272659557,1
0.109937592144111,-0.0958407662356665,1
0.109943063724973,-0.0946351513697336,1
0.109888849315804,-0.093391726148848,1
0.109775141720345,-0.092112280929975,1
0.10960223460348,-0.0907986492277511,1
0.109370522580952,-0.0894527039339797,1
0.109080501121589,-0.0880763534828053,1
0.108732766261555,-0.0866715379692414,1
0.108328014130483,-0.0852402252287827,1
0.107867040289699,-0.0837844068859013,1
0.107350738883124,-0.0823060943792478,1
0.106780101601772,-0.0808073149714167,1
0.106156216463147,-0.0792901077511291,1
0.105480266407177,-0.0777565196356898,1
0.10475352771068,-0.076208601381543,1
0.103977368222715,-0.0746484036107174,1
0.103153245423506,-0.0730779728608988,1
0.102282704309975,-0.0714993476667937,1
0.101367375111253,-0.0699145546803706,1
0.100408970837858,-0.0683256048374616,1
0.0994092846685884,-0.0667344895781018,1
0.0983701871794445,-0.0651431771278441,1
0.0972936234192406,-0.0635536088471639,1
0.0961816098368568,-0.0619676956558938,1
0.0950362310653672,-0.0603873145394779,1
0.0938596365685741,-0.0588143051436449,1
0.0926540371557343,-0.057250466463902,1
0.0914217013705457,-0.0556975536360607,1
0.0901649517606964,-0.0541572748337715,1
0.0888861610345234,-0.0526312882788243,1
0.0875877481115574,-0.0511211993697298,1
0.0862721740739429,-0.0496285579338471,1
0.0849419380259255,-0.0481548556080638,1
0.0835995728687788,-0.0467015233527562,1
0.082247640998739,-0.0452699291034964,1
0.0808887299356481,-0.0438613755646689,1
0.0795254478901771,-0.0424770981488742,1
0.0781604192776178,-0.0411182630656923,1
0.0767962801863567,-0.0397859655630745,1
0.0754356738092428,-0.0384812283243121,1
0.0740812458461457,-0.037205000023216,1
0.0727356398860782,-0.0359581540398155,1
0.0714014927773037,-0.034741487338557,1
0.0700814299938991,-0.033555719510654,1
0.0687780610072545,-0.0324014919819006,1
0.0674939746710101,-0.0312793673869307,1
0.0662317346279165,-0.0301898291105663,1
0.0649938747470825,-0.0291332809965584,1
0.0637828946000272,-0.0281100472236847,1
0.062601254983912,-0.0271203723488387,1
0.0614513735002411,-0.0261644215164016,1
0.0603356201972331,-0.0252422808328524,1
0.0592563132839785,-0.0243539579052518,1
0.0582157149243538,-0.0234993825418938,1
0.0572160271185547,-0.0226784076131048,1
0.0562593876799408,-0.0218908100698443,1
0.0553478663147361,-0.0211362921174504,1
0.0544834608119443,-0.0204144825415644,1
0.053668093350646,-0.0197249381829655,1
0.052903606931644,-0.0190671455577513,1
0.052191761940198,-0.0184405226190147,1
0.0515342328463647,-0.017844420655887,1
0.0509326050492114,-0.0172781263255456,1
0.0503883718709113,-0.0167408638135247,1
0.0499029317064725,-0.0162317971174155,1
0.0494775853345613,-0.0157500324488024,1
0.0491135333945981,-0.0152946207480461,1
0.0488118740350036,-0.0148645603063132,1
0.0485736007371639,-0.0144587994890353,1
0.0483996003193641,-0.0140762395547926,1
0.0482906511246186,-0.0137157375634261,1
0.0482474213959853,-0.0133761093670181,1
0.0482704678426185,-0.0130561326772192,1
0.0483602343994628,-0.0127545502022562,1
0.0485170511831389,-0.0124700728468256,1
0.0487411336462151,-0.0122013829679587,1
0.0490325819316963,-0.0119471376798442,1
0.0493913804291938,-0.0117059722005032,1
0.0498173975338746,-0.011476503233137,1
0.0503103856089125,-0.011257332374913,1
0.0508699811517929,-0.0110470495459035,1
0.0514957051644519,-0.010844236430866,1
0.0521869637268483,-0.010647469926538,1
0.052943048773202,-0.0104553255871169,1
0.0537631390697524,-0.0102663810606133,1
0.0546463013925277,-0.0100792195087923,1
0.0555914919032366,-0.00989243300346387,1
0.0565975577210401,-0.00970462589194059,1
0.0576632386875936,-0.0095144181245549,1
0.0587871693223944,-0.00932044853721532,1
0.0599678809651195,-0.00912137808208319,1
0.0612038041012904,-0.00891589299956677,1
0.0624932708672706,-0.00870270792495921,1
0.0638345177302587,-0.00848056892318949,1
0.0652256883386288,-0.00824825644531224,1
0.0666648365376413,-0.00800458820053012,1
0.06814992954526,-0.00774842193772411,1
0.0696788512824931,-0.0074786581306617,1
0.0712494058524069,-0.00719424256125645,1
0.0728593211616789,-0.00689416879547007,1
0.0745062526782938,-0.00657748054667506,1
0.0761877873187328,-0.00624327392153448,1
0.0779014474577652,-0.00589069954370222,1
0.0796446950537364,-0.00551896455090539,1
0.0814149358820083,-0.00512733446123506,1
0.0832095238690342,-0.00471513490474874,1
0.085025765519343,-0.00428175321676735,1
0.0868609244275484,-0.00382663988954096,1
0.0887122258673358,-0.0033493098792531,1
0.0905768614492321,-0.00284934376563685,1
0.0924519938388494,-0.00232638876178194,1
0.094334761527166,-0.00178015957202628,1
0.096222283644324,-0.00121043909614242,1
0.0981116648083309,-0.000617078978348826,1
0.0999999999999999,-2.4492935982947e-17,1
0.02,0,0
0.02,0,1
0.0199900317825235,0.000631370995296211,1
0.0199601370666299,0.00126211262625347,1
0.0199103456520221,0.0018915961558969,1
0.0198407071718652,0.00251919410135435,1
0.0197512910433105,0.00314428085934502,1
0.0196421863982996,0.00376623332979436,1
0.0195135019947155,0.00438443153695383,1
0.0193653661079701,0.00499825924740617,1
0.0191979264031371,0.00560710458434029,1
0.0190113497877557,0.00621036063748338,1
0.0188058222454535,0.00680742606808226,1
0.0185815486505546,0.00739770570833094,1
0.0183387525638558,0.00798061115464682,1
0.0180776760097765,0.00855556135420419,1
0.0177985792351036,0.00912198318414032,1
0.0175017404495719,0.00967931202285678,1
0.0171874555485382,0.0102269923128465,1
0.016856037818027,0.0107644781144858,1
0.0165078176224395,0.0112912336502384,1
0.0161431420752397,0.0118067338387306,1
0.0157623746929438,0.0123104648181636,1
0.0153658950327594,0.0128019244585421,1
0.0149540983142342,0.0132806228622086,1
0.0145273950252928,0.0137460828521837,1
0.0140862105130534,0.0141978404478267,1
0.0136309845598327,0.0146354453273415,1
0.0131621709447608,0.0150584612766675,1
0.0126802369914448,0.0154664666243068,1
0.0121856631021303,0.0158590546616556,1
0.0116789422788261,0.0162358340484204,1
0.0111605796318688,0.0165964292027145,1
0.010631091876418,0.016940480675446,1
0.0100910068173835,0.0172676455086245,1
0.00954086282329779,0.0175775975772292,1
0.0089812082896584,0.0178700279142975,1
0.00841260109227569,0.0181446450189096,1
0.00783560803116986,0.0184011751467635,1
0.00725080426557249,0.0186393625830487,1
0.00665877274059523,0.0188589698973487,1
0.00606010360613746,0.0190597781803168,1
0.00545539362861206,0.0192415872618893,1
0.00484524559607566,0.0194042159108197,1
0.00423026771735638,0.0195475020153341,1
0.00361107301577805,0.0196713027447274,1
0.00298827871808522,0.0197754946917401,1
0.00236250563917816,0.0198599739955734,1
0.00173437756327101,0.0199246564454201,1
0.00110452062209016,0.0199694775644076,1
0.000473562670732482,0.0199943926738696,1
-0.000157867338194266,0.0199993769378831,1
-0.000789139981525054,0.0199844253880255,1
-0.00141962599296032,0.0199495529283268,1
-0.00204869689033227,0.0198947943204131,1
-0.00267572560208958,0.0198202041488558,1
-0.00330008709237599,0.0197258567667601,1
-0.00392115898407956,0.0196118462216481,1
-0.0045383221792318,0.0194782861617108,1
-0.00515096147613793,0.0193253097225204,1
-0.00575846618262333,0.0191530693943186,1
-0.00636023072478476,0.0189617368700102,1
-0.00695565525063965,0.0187515028740165,1
-0.00754414622807152,0.0185225769721568,1
-0.00812511703647578,0.0182751873627487,1
-0.00869798855151586,0.018009580649135,1
-0.00926218972240695,0.0177260215938642,1
-0.00981715814115187,0.0174247928547692,1
-0.0103623406031615,0.0171061947032082,1
-0.0108971936587014,0.0167705447247475,1
-0.0114211841546139,0.0164181775025853,1
-0.0119337897657771,0.0160494442840316,1
-0.0124344995157699,0.0156647126303778,1
-0.0129228142862242,0.0152643660505034,1
-0.0133982473143571,0.0148488036185857,1
-0.0138603246781866,0.0144184395762943,1
-0.0143085857689474,0.0139737029198661,1
-0.0147425837502356,0.0135150369724722,1
-0.0151618860034249,0.0130428989423037,1
-0.0155660745589106,0.0125577594668172,1
-0.0159547465127504,0.0120601021435923,1
-0.016327514428288,0.0115504230482718,1
-0.0166840067223583,0.0110292302400622,1
-0.0170238680356899,0.0104970432552894,1
-0.0173467595871343,0.00995439258951366,1
-0.0176523595113709,0.00940181916872006,1
-0.0179403631797493,0.00883987381011158,1
-0.0182104835039492,0.00826911667304268,1
-0.0184624512221572,0.00769011670064022,1
-0.018696015167472,0.00710345105266857,1
-0.0189109425182733,0.00650970453020423,1
-0.0191070190303039,0.0059094689926934,1
-0.0192840492502322,0.00530334276797357,1
-0.0194418567104851,0.00469193005584738,1
-0.0195802841051543,0.00407584032580305,1
-0.0196991934468022,0.00345568770948199,1
-0.0197984662040111,0.00283209038849903,1
-0.0198780034195378,0.0022056699782255,1
-0.0199377258089559,0.00157705090814953,1
-0.0199775738396889,0.000946859799431164,1
-0.0199975077903531,0.000315724840272736,1
-0.0199975077903531,-0.00031572484027274,1
-0.0199775738396889,-0.000946859799431159,1
-0.0199377258089559,-0.00157705090814953,1
-0.0198780034195378,-0.0022056699782255,1
-0.0197984662040111,-0.00283209038849904,1
-0.0196991934468022,-0.00345568770948199,1
-0.0195802841051543,-0.00407584032580304,1
-0.0194418567104851,-0.00469193005584737,1
-0.0192840492502322,-0.00530334276797357,1
-0.0191070190303039,-0.0059094689926934,1
-0.0189109425182733,-0.00650970453020424,1
-0.018696015167472,-0.00710345105266857,1
-0.0184624512221572,-0.00769011670064022,1
-0.0182104835039492,-0.00826911667304268,1
-0.0179403631797493,-0.00883987381011158,1
-0.0176523595113709,-0.00940181916872006,1
-0.0173467595871343,-0.00995439258951366,1
-0.0170238680356899,-0.0104970432552894,1
-0.0166840067223584,-0.0110292302400621,1
-0.016327514428288,-0.0115504230482718,1
-0.0159547465127504,-0.0120601021435923,1
-0.0155660745589106,-0.0125577594668172,1
-0.0151618860034249,-0.0130428989423037,1
-0.0147425837502356,-0.0135150369724722,1
-0.0143085857689474,-0.0139737029198661,1
-0.0138603246781866,-0.0144184395762943,1
-0.0133982473143571,-0.0148488036185857,1
-0.0129228142862242,-0.0152643660505034,1
-0.0124344995157699,-0.0156647126303778,1
-0.0119337897657771,-0.0160494442840316,1
-0.0114211841546139,-0.0164181775025853,1
-0.0108971936587014,-0.0167705447247475,1
-0.0103623406031616,-0.0171061947032082,1
-0.00981715814115187,-0.0174247928547692,1
-0.00926218972240697,-0.0177260215938642,1
-0.00869798855151586,-0.018009580649135,1
-0.00812511703647578,-0.0182751873627487,1
-0.00754414622807153,-0.0185225769721568,1
-0.00695565525063965,-0.0187515028740165,1
-0.00636023072478478,-0.0189617368700102,1
-0.00575846618262333,-0.0191530693943186,1
-0.00515096147613795,-0.0193253097225204,1
-0.00453832217923181,-0.0194782861617108,1
-0.00392115898407956,-0.0196118462216481,1
-0.003300087092376,-0.0197258567667601,1
-0.00267572560208959,-0.0198202041488558,1
-0.00204869689033228,-0.0198947943204131,1
-0.00141962599296032,-0.0199495529283268,1
-0.000789139981525054,-0.0199844253880255,1
-0.000157867338194276,-0.0199993769378831,1
0.000473562670732477,-0.0199943926738696,1
0.00110452062209015,-0.0199694775644076,1
0.00173437756327101,-0.0199246564454201,1
0.00236250563917816,-0.0198599739955734,1
0.00298827871808521,-0.0197754946917401,1
0.00361107301577804,-0.0196713027447274,1
0.00423026771735637,-0.0195475020153341,1
0.00484524559607566,-0.0194042159108197,1
0.00545539362861206,-0.0192415872618893,1
0.00606010360613745,-0.0190597781803168,1
0.00665877274059522,-0.0188589698973487,1
0.00725080426557248,-0.0186393625830487,1
0.00783560803116986,-0.0184011751467635,1
0.00841260109227567,-0.0181446450189096,1
0.0089812082896584,-0.0178700279142975,1
0.00954086282329778,-0.0175775975772292,1
0.0100910068173836,-0.0172676455086245,1
0.010631091876418,-0.016940480675446,1
0.0111605796318688,-0.0165964292027145,1
0.0116789422788261,-0.0162358340484204,1
0.0121856631021303,-0.0158590546616556,1
0.0126802369914448,-0.0154664666243068,1
0.0131621709447607,-0.0150584612766675,1
0.0136309845598327,-0.0146354453273415,1
0.0140862105130534,-0.0141978404478267,1
0.0145273950252928,-0.0137460828521837,1
0.0149540983142342,-0.0132806228622086,1
0.0153658950327594,-0.0128019244585421,1
0.0157623746929439,-0.0123104648181636,1
0.0161431420752397,-0.0118067338387306,1
0.0165078176224395,-0.0112912336502384,1
0.016856037818027,-0.0107644781144858,1
0.0171874555485382,-0.0102269923128465,1
0.0175017404495719,-0.00967931202285679,1
0.0177985792351036,-0.00912198318414033,1
0.0180776760097765,-0.00855556135420421,1
0.0183387525638558,-0.00798061115464683,1
0.0185815486505546,-0.00739770570833094,1
0.0188058222454535,-0.00680742606808225,1
0.0190113497877557,-0.00621036063748338,1
0.0191979264031371,-0.00560710458434029,1
0.0193653661079701,-0.00499825924740618,1
0.0195135019947155,-0.00438443153695383,1
0.0196421863982996,-0.00376623332979437,1
0.0197512910433105,-0.00314428085934502,1
0.0198407071718652,-0.00251919410135437,1
0.0199103456520221,-0.00189159615589691,1
0.0199601370666299,-0.00126211262625349,1
0.0199900317825235,-0.000631370995296205,1
0.02,-4.89858719658941e-18,1
